{
  "version": 1,
  "author": "Anonymous maker",
  "editor": "wokwi",
  "parts": [
    { "type": "wokwi-arduino-uno", "id": "uno", "top": 58.2, "left": -39, "attrs": {} },
    {
      "type": "wokwi-dht22",
      "id": "dht1",
      "top": -66.9,
      "left": 301.8,
      "attrs": { "temperature": "26.8", "humidity": "49.5" }
    }
  ],
  "connections": [
    [ "uno:13", "dht1:SDA", "green", [ "v-48", "h163.6", "v38.4", "h76.8" ] ],
    [ "uno:5V", "dht1:VCC", "red", [ "v28.7", "h205.4" ] ],
    [ "uno:GND.2", "dht1:GND", "black", [ "v47.9", "h224.7" ] ]
  ],
  "dependencies": {}
}